id;Idade;UF;Cidade;Cidade_1;Cidade_2;Cidade_3;Cidade_4;Cidade_5;Cidade_6;Cidade_7;Cidade_8;Cidade_9;Cidade_10;Cidade_11;Cidade_12;Cidade_13;Cidade_14;Cidade_15;Cidade_16;Cidade_17;Cidade_18;Cidade_19;Cidade_20;Cidade_21;Cidade_22;Cidade_23;Cidade_24;Cidade_25;Cidade_26;Bairro;Sexo;Profissão;Regime de Contratação;Meio de locomoção predominante;Quantas pessoas moram com você?;Qual a faixa etaria?;Quase la o/;Costuma assistir a Lives / Show online durante o trajeto?;Quantas horas em media você utiliza a internet por dia da semana (Seg a Sexta) ?;Quantas horas em media você utiliza a internet por dia (Finais de Semana e Feriado)?;Você tem assistido a lives?;Quais Redes sociais você utiliza?;Outros:;Qual você mais prefere para Live / Shows;Quantas lives / Shows por semana você assiste?;Só falta um;Qual a media de tempo das lives que você assiste?;Qual a duração das lives você acharia melhor ou Ideal?;Você interage durante as lives?;Qual conteudo de live você acha mais interessante?;Outros;Qual estilo musical?;Você assina algum serviço online?;Qual?;Outros_27;Novo Cenario;Oque você faria?;Fim :);Blank [narrative_40];Você pagaria para assistir a lives?;Qual seria um valor que você acharia justo pagar por uma live?;E se fosse um pacote mensal?;Column1
1;36;SP;;;;;;;;;;;;;;;;;;;;;;;;;;São Paulo;;Jardim Guarujá;Feminino;Analistas de sistemas;Clt;Metro;4;33 34 69 65;;Não;5;50;Sim;Facebook, Instagram, NetFlix, Youtube;;Youtube;2;;2;4;Sim;Famosos, Musicais;Religiosos Missas;Sertanejo;Sim;;;;Compraria o ingresso;;Mesmo que o mundo fique como era antes, coisa que eu acredito que nunca será =/ .  E as lives continuem..;Não;20;40;06/17/2020 13:29
2;33;SP;;;;;;;;;;;;;;;;;;;;;;;;;;São Paulo;;São Salvador;Feminino;Analistas de sistemas;Clt;Carro;2;33, 61;;Não;8;8;Sim;Instagram, Youtube;;Instagram;3;;12;1;Não;Empreendedorismo, Alta performance, Saúde;N/A;N/A;Sim;NetFlix;;;Compraria o ingresso;;Mesmo que o mundo fique como era antes, coisa que eu acredito que nunca será =/ .  E as lives continuem..;Sim;27;18;06/17/2020 12:48
3;28;SP;;;;;;;;;;;;;;;;;;;;;;;;;;São Paulo;;Parque mandaqui;Masculino;Analistas de sistemas;Clt;Motocicleta;2;"22;3";;Não;8;5;Sim;Instagram, Youtube;;Youtube;2;;3;6;Sim;Musicais;;Pagode;Sim;Youtube;;;Compraria o ingresso;;Mesmo que o mundo fique como era antes, coisa que eu acredito que nunca será =/ .  E as lives continuem..;Sim;20;100;06/16/2020 22:23
4;33;SC;;;;;;;;;;;;;;;;;;;;;;;;Florianópolis;;;;Corrego Grande;Masculino;Engenheiros em computação - desenvolvedores de software;Outros;Ônibus;2;"0;30";;Não;15;10;Não;;;Youtube;0;;0;1;Não;Musicais;;Pop;Sim;;;;Assistiria de casa através das lives;;Mesmo que o mundo fique como era antes, coisa que eu acredito que nunca será =/ .  E as lives continuem..;Não;10;29;06/16/2020 21:30
5;35;SP;;;;;;;;;;;;;;;;;;;;;;;;;;São Paulo;;Perdizes;Feminino;Psicólogos e psicanalistas;Autônomo;Carro;2;"8;40";;Sim;1;5;Sim;Instagram;;Instagram;1;;1;1;Não;Musicais, Humor;;Mpb;Não;;;;Compraria o ingresso;;Mesmo que o mundo fique como era antes, coisa que eu acredito que nunca será =/ .  E as lives continuem..;Não;20;35;06/16/2020 20:22
6;32;SP;;;;;;;;;;;;;;;;;;;;;;;;;;São Paulo;;Campo Belo;Masculino;Programadores de informática;Clt;Carro;1;30;;Não;16;16;Sim;Facebook, Instagram, LinkedIn, NetFlix, Twitter, Youtube;;Youtube;1;;2;1;Não;Musicais;;Sertanejo;Sim;Facebook, Instagram, LinkedIn, NetFlix, Twitter, Youtube;;;Compraria o ingresso;;Mesmo que o mundo fique como era antes, coisa que eu acredito que nunca será =/ .  E as lives continuem..;Sim;20;30;06/16/2020 19:36
7;28;SP;;;;;;;;;;;;;;;;;;;;;;;;;;São Paulo;;Pinheiros;Feminino;Outros engenheiros, arquitetos e afins;Clt;A pé;2;"28;28";;Não;5;4;Não;;;Outros;0;;0;1;Não;Musicais;;Rock;Sim;;;;Assistiria de casa através das lives;;Mesmo que o mundo fique como era antes, coisa que eu acredito que nunca será =/ .  E as lives continuem..;Não;0;0;06/16/2020 15:59
8;38;SP;;;;;;;;;;;;;;;;;;;;;;;;;;Santo André;;Erasmo Assunção;Masculino;Representantes comerciais e técnicos de vendas;Clt;Carro;3;34,4,0;;Não;18;18;Sim;Facebook, Instagram, LinkedIn, Youtube;;Youtube;3;;2;2;Sim;Musicais, Humor;;Sertanejo;Sim;;;;Compraria o ingresso;;Mesmo que o mundo fique como era antes, coisa que eu acredito que nunca será =/ .  E as lives continuem..;Não;0;0;06/16/2020 15:44
9;29;SP;;;;;;;;;;;;;;;;;;;;;;;;;;Taboão da Serra;;Pq Pinheiros;Masculino;Programadores de informática;Clt;Ônibus;2;3,30;;Não;8;40;Não;;;Youtube;1;;1;1;Sim;Musicais;;rock;Não;;;;Assistiria de casa através das lives;;Mesmo que o mundo fique como era antes, coisa que eu acredito que nunca será =/ .  E as lives continuem..;Não;0;0;06/16/2020 12:58
10;45;SP;;;;;;;;;;;;;;;;;;;;;;;;;;São Paulo;;Tatuapé;Masculino;Engenheiros em computação - desenvolvedores de software;Clt;Metro;4;"45;44;19;16";;Não;6;4;Sim;Amazon Prime, Facebook, Instagram, LinkedIn, NetFlix, Twitter, Vimeo, Youtube;;Youtube;2;;1;1;Não;Musicais;;Rock;Sim;;;;Compraria o ingresso;;Mesmo que o mundo fique como era antes, coisa que eu acredito que nunca será =/ .  E as lives continuem..;Não;0;0;06/16/2020 12:58
11;61;SP;;;;;;;;;;;;;;;;;;;;;;;;;;São Paulo;;Vila Andrade;Feminino;Gerentes de áreas de apoio;Clt;Carro;0;60;;Sim;2;1;Não;;;Instagram;1;;1;1;Não;Musicais;;Rock;Não;;;;Assistiria de casa através das lives;;Mesmo que o mundo fique como era antes, coisa que eu acredito que nunca será =/ .  E as lives continuem..;Não;0;0;06/16/2020 12:20
12;60;SP;;;;;;;;;;;;;;;;;;;;;;;;;;São Paulo;;Perdizes;Feminino;Técnicos em turismo;Autônomo;Carro;1;63;;Não;10;6;Não;;;Facebook;0;;0;1;Não;Musicais;;MPB;Não;;;;Compraria o ingresso;;Mesmo que o mundo fique como era antes, coisa que eu acredito que nunca será =/ .  E as lives continuem..;Não;0;0;06/16/2020 12:00
13;32;SP;;;;;;;;;;;;;;;;;;;;;;;;;;Sorocaba;;Quintais do imperador;Feminino;Enfermeiros de nível superior e afins;Clt;Carro;0;00;;Não;5;8;Não;;;Instagram;0;;0;1;Não;Musicais;;Pop;Não;;;;Compraria o ingresso;;Mesmo que o mundo fique como era antes, coisa que eu acredito que nunca será =/ .  E as lives continuem..;Não;2;20;06/16/2020 11:55
14;21;SP;;;;;;;;;;;;;;;;;;;;;;;;;;Poá;;Centro;Masculino;Analistas de sistemas;Outros;Metro;4;"10;21;40;43";;Não;16;12;Sim;Twitch , Youtube;;Twitch;2;;2;2;Sim;Humor;;Nenhum;Sim;;;;Compraria o ingresso;;Mesmo que o mundo fique como era antes, coisa que eu acredito que nunca será =/ .  E as lives continuem..;Não;16;10;06/16/2020 11:29
15;31;RS;;;;;;;;;;;;;;;;;;;;;;;Lindolfo Collor;;;;;14 Colônias;Masculino;Outros trabalhadores dos serviços;Outros;Carro;1;37;;Sim;8;2;Sim;Facebook, Instagram, LinkedIn, NetFlix, Twitter, Vimeo, Youtube;;Youtube;1;;2;1;Sim;Musicais;;Celta, folk, rock, mpb, hinário;Sim;;;;Compraria o ingresso;;Mesmo que o mundo fique como era antes, coisa que eu acredito que nunca será =/ .  E as lives continuem..;Não;2;10;06/16/2020 10:53
16;30;SP;;;;;;;;;;;;;;;;;;;;;;;;;;São Paulo;;Mooca;Masculino;Advogados;Autônomo;Carro;3;"61;65;84";;Não;18;18;Não;;;Youtube;0;;1;1;Não;Musicais;;Sertanejo;Sim;;;;Assistiria de casa através das lives;;Mesmo que o mundo fique como era antes, coisa que eu acredito que nunca será =/ .  E as lives continuem..;Não;10;50;06/16/2020 10:45
17;30;SP;;;;;;;;;;;;;;;;;;;;;;;;;;São Paulo;;Vila Andrade;Prefiro não responder;Administradores;Autônomo;Carro;2;"2;30";;Não;4;3;Não;;;Outros;0;;0;0;Não;Musicais;;Diversificado;Sim;;;;Compraria o ingresso;;Mesmo que o mundo fique como era antes, coisa que eu acredito que nunca será =/ .  E as lives continuem..;Não;0;0;06/16/2020 10:28
18;39;SP;;;;;;;;;;;;;;;;;;;;;;;;;;São Paulo;;Jardim Iris;Masculino;Administradores;Autônomo;Carro;3;"35;40";;Sim;20;4;Sim;Youtube;Webinar;Youtube;1;;2;1;Sim;Musicais;;Rock;Sim;;;;Compraria o ingresso;;Mesmo que o mundo fique como era antes, coisa que eu acredito que nunca será =/ .  E as lives continuem..;Não;0;0;06/16/2020 09:21
19;27;SP;;;;;;;;;;;;;;;;;;;;;;;;;;São Paulo;;Tatuapé;Masculino;Profissionais de marketing, publicidade e comercialização;Clt;Metro;2;"57;51";;Sim;10;12;Sim;Amazon Prime, Facebook, LinkedIn, NetFlix, Youtube;;Youtube;2;;2;3;Não;Musicais;;Pagode/Sertanejo;Sim;;;;Compraria o ingresso;;Mesmo que o mundo fique como era antes, coisa que eu acredito que nunca será =/ .  E as lives continuem..;Não;10;2;06/16/2020 07:41
20;22;SP;;;;;;;;;;;;;;;;;;;;;;;;;;São Paulo;;Itaim Paulista;Masculino;Analistas de sistemas;PJ;Trem;3;"20;23;41";;Não;16;6;Não;;;Facebook;0;;0;2;Não;Humor;;Rap;Sim;;;;Compraria o ingresso;;Mesmo que o mundo fique como era antes, coisa que eu acredito que nunca será =/ .  E as lives continuem..;Não;0;7;06/16/2020 07:40
21;19;SP;;;;;;;;;;;;;;;;;;;;;;;;;;São Paulo;;Vila Ré;Masculino;Garçons, barmen e copeiros;Clt;Metro;3;"26;56;57";;Não;8;6;Sim;Facebook, Instagram, LinkedIn, NetFlix, Twitch , Youtube, Outros;;Youtube;1;;3;2;Não;Musicais, Humor;;Todos;Não;;;;Compraria o ingresso;;Mesmo que o mundo fique como era antes, coisa que eu acredito que nunca será =/ .  E as lives continuem..;Não;15;60;06/16/2020 07:35
22;32;RJ;;;;;;;;;;;;;;;;;;;Rio de Janeiro;;;;;;;;;Leblon;Masculino;Vendedores em quiosques e barracas;Autônomo;Motocicleta;2;"68;65";;Não;2;2;Sim;Badoo, Facebook, Instagram, LinkedIn, NetFlix, Twitter, Youtube;;Youtube;1;;2;2;Não;Musicais;;Funk;Sim;NetFlix;;;Compraria o ingresso;;Mesmo que o mundo fique como era antes, coisa que eu acredito que nunca será =/ .  E as lives continuem..;Sim;30;80;06/16/2020 00:46
23;46;SP;;;;;;;;;;;;;;;;;;;;;;;;;;São Paulo;;Vila Suzana;Feminino;Administradores;Outros;Carro;2;"10;18";;Sim;1;5;Sim;Amazon Prime, Facebook, Instagram, NetFlix, Outros;;Instagram;2;;1;1;Não;Humor;;Eclético;Sim;Amazon Prime;;;Assistiria de casa através das lives;;Mesmo que o mundo fique como era antes, coisa que eu acredito que nunca será =/ .  E as lives continuem..;Sim;10;60;06/15/2020 23:53
24;30;SP;;;;;;;;;;;;;;;;;;;;;;;;;;São Paulo;;Butantã;Masculino;Analistas de sistemas;Clt;Metro;2;"30;26;55;56";;Não;12;12;Não;;;NetFlix;0;;0;0;Não;Famosos;;Rock;Sim;;;;Assistiria de casa através das lives;;Mesmo que o mundo fique como era antes, coisa que eu acredito que nunca será =/ .  E as lives continuem..;Não;5;10;06/15/2020 23:52
25;30;SP;;;;;;;;;;;;;;;;;;;;;;;;;;Moji Das Cruzes;;Centro;Masculino;Eletrotécnicos na manutenção de máquinas e equipamentos;Autônomo;Carro;2;"26;6";;Não;4;6;Não;;;Youtube;0;;0;1;Não;Humor;;Todos;Sim;;;;Compraria o ingresso;;Mesmo que o mundo fique como era antes, coisa que eu acredito que nunca será =/ .  E as lives continuem..;Não;20;10;06/15/2020 23:15
26;30;SP;;;;;;;;;;;;;;;;;;;;;;;;;;São Paulo;;Vila Santa Catarina;Feminino;Nutricionistas;PJ;Carro;2;"0,4;31";;Não;4;2;Sim;Instagram, Youtube;;Youtube;1;;2;2;Não;Musicais;;Pagode, Pop;Sim;Amazon Prime, NetFlix;;;Assistiria de casa através das lives;;Mesmo que o mundo fique como era antes, coisa que eu acredito que nunca será =/ .  E as lives continuem..;Sim;40;100;06/15/2020 23:09
27;29;SP;;;;;;;;;;;;;;;;;;;;;;;;;;São Paulo;;Brooklin Paulista;Feminino;Nutricionistas;Clt;Carro;3;"29;60;61";;Não;4;8;Sim;Facebook, Instagram, LinkedIn, NetFlix, Youtube;;Youtube;2;;3;2;Não;Musicais;;Sertanejo;Não;;;;Assistiria de casa através das lives;;Mesmo que o mundo fique como era antes, coisa que eu acredito que nunca será =/ .  E as lives continuem..;Não;100;50;06/15/2020 23:02
28;30;SP;;;;;;;;;;;;;;;;;;;;;;;;;;São Paulo;;Santana;Masculino;Engenheiros em computação - desenvolvedores de software;Clt;Motocicleta;4;29, 64, 77, 30;;Não;10;5;Não;;;Youtube;1;;1;1;Não;Famosos;;Rock;Sim;;;;Compraria o ingresso;;Mesmo que o mundo fique como era antes, coisa que eu acredito que nunca será =/ .  E as lives continuem..;Não;10;30;06/15/2020 23:01
29;30;SP;;;;;;;;;;;;;;;;;;;;;;;;;;São Paulo;;Itaim bibi;Masculino;Técnicos de operações e serviços bancários;Clt;Ônibus;3;60;;Sim;12;12;Sim;Amazon Prime, Facebook, Instagram, LinkedIn, NetFlix, Twitch ;;Youtube;6;;1;1;Não;Musicais;;rock;Sim;;;;Compraria o ingresso;;Mesmo que o mundo fique como era antes, coisa que eu acredito que nunca será =/ .  E as lives continuem..;Não;5;19;06/15/2020 22:40
30;31;SP;;;;;;;;;;;;;;;;;;;;;;;;;;São Paulo;;Perdizes;Feminino;Professores de educação física, ginástica e desportos;Outros;Carro;1;34;;Sim;5;5;Sim;Instagram, NetFlix, Youtube;;Youtube;2;;2;3;Sim;Musicais;;Eletronicas e samba;Sim;;;;Assistiria de casa através das lives;;Mesmo que o mundo fique como era antes, coisa que eu acredito que nunca será =/ .  E as lives continuem..;Não;1;10;06/15/2020 22:18
31;36;SP;;;;;;;;;;;;;;;;;;;;;;;;;;São Paulo;;Vila Mariana;Masculino;Advogados;PJ;Carro;2;40;;Não;5;2;Não;;;NetFlix;1;;1;1;Não;Musicais;;Eletrônico;Sim;;;;Compraria o ingresso;;Mesmo que o mundo fique como era antes, coisa que eu acredito que nunca será =/ .  E as lives continuem..;Não;9;0;06/15/2020 21:47
32;55;SP;;;;;;;;;;;;;;;;;;;;;;;;;;São Paulo;;Jardim Esther;Masculino;Professores do ensino superior;Clt;Carro;2;"13;44;55";;Sim;18;18;Não;;;Youtube;4;;3;2;Não;Musicais;;Todos;Sim;Youtube;;;Assistiria de casa através das lives;;Mesmo que o mundo fique como era antes, coisa que eu acredito que nunca será =/ .  E as lives continuem..;Sim;50;50;06/15/2020 21:43
33;30;SP;;;;;;;;;;;;;;;;;;;;;;;;;;Cotia;;Granja Viana;Feminino;Supervisores de vendas e de prestação de serviços do comércio;Clt;Carro;3;"31;57;62";;Não;8;2;Sim;Facebook, Instagram, NetFlix, Youtube;;Youtube;1;;4;3;Não;Musicais;;MPB, sertanejo, Samba;Sim;;;;Assistiria de casa através das lives;;Mesmo que o mundo fique como era antes, coisa que eu acredito que nunca será =/ .  E as lives continuem..;Não;15;40;06/15/2020 21:35
34;27;SP;;;;;;;;;;;;;;;;;;;;;;;;;;São Paulo;;Mandaqui;Masculino;Administradores;Clt;Carro;2;"55;62";;Não;14;8;Não;;;Facebook;0;;1;1;Não;Musicais, Humor;;Rock;Sim;;;;Compraria o ingresso;;Mesmo que o mundo fique como era antes, coisa que eu acredito que nunca será =/ .  E as lives continuem..;Não;0;0;06/15/2020 21:35
35;30;SP;;;;;;;;;;;;;;;;;;;;;;;;;;São Paulo;;Sumaré;Feminino;Psicólogos e psicanalistas;Clt;Carro;2;65, 70;;Não;18;8;Sim;Instagram;;Instagram;1;;1;2;Sim;Famosos, Humor;;Pra lives nenhum;Não;;;;Compraria o ingresso;;Mesmo que o mundo fique como era antes, coisa que eu acredito que nunca será =/ .  E as lives continuem..;Não;15;40;06/15/2020 21:33
36;33;SP;;;;;;;;;;;;;;;;;;;;;;;;;;São Paulo;;Itaquera;Masculino;Programadores de informática;PJ;Trem;1;31;;Não;9;4;Sim;Amazon Prime, Facebook, Flickr, Instagram, LinkedIn, NetFlix, Twitch , Wallop;;Wallop;1;;2;2;Não;Musicais;;Rock;Sim;Amazon Prime, NetFlix;;;Compraria o ingresso;;Mesmo que o mundo fique como era antes, coisa que eu acredito que nunca será =/ .  E as lives continuem..;Sim;30;15;06/15/2020 21:30
37;34;SP;;;;;;;;;;;;;;;;;;;;;;;;;;São Paulo;;Barra Funda;Masculino;Engenheiros mecânicos;Clt;Motocicleta;1;35;;Não;10;4;Sim;Facebook, Instagram, LinkedIn, NetFlix, Youtube;;Youtube;1;;3;5;Não;Musicais;;Sertanejo;Sim;NetFlix;;;Assistiria de casa através das lives;;Mesmo que o mundo fique como era antes, coisa que eu acredito que nunca será =/ .  E as lives continuem..;Sim;5;10;06/15/2020 21:23
38;30;SP;;;;;;;;;;;;;;;;;;;;;;;;;;São Paulo;;Moema;Feminino;Mantenedores de edificações;Clt;Carro;2;28,28,30;;Não;14;14;Não;;;NetFlix;10;;1;1;Não;Humor;;Rock;Sim;;;;Assistiria de casa através das lives;;Mesmo que o mundo fique como era antes, coisa que eu acredito que nunca será =/ .  E as lives continuem..;Não;10;30;06/15/2020 21:20
39;37;SP;;;;;;;;;;;;;;;;;;;;;;;;;;São Paulo;;Vila guarani;Masculino;Outros advogados autônomos e de empresas;Clt;Metro;1;32;;Não;3;5;Não;;;LinkedIn;1;;1;1;Não;Humor;;Nao;Sim;;;;Assistiria de casa através das lives;;Mesmo que o mundo fique como era antes, coisa que eu acredito que nunca será =/ .  E as lives continuem..;Não;0;10;06/15/2020 21:18
40;33;SP;;;;;;;;;;;;;;;;;;;;;;;;;;São Paulo;;Aclimação;Prefiro não responder;Advogados;Outros;Carro;1;32;;Sim;16;13;Sim;Amazon Prime, Instagram, LinkedIn, NetFlix, Youtube, Outros;;Youtube;2;;2;2;Não;Musicais, Humor;;MPB;Sim;Amazon Prime, NetFlix;;;Assistiria de casa através das lives;;Mesmo que o mundo fique como era antes, coisa que eu acredito que nunca será =/ .  E as lives continuem..;Sim;10;10;06/15/2020 21:10
41;28;SP;;;;;;;;;;;;;;;;;;;;;;;;;;São Paulo;;Vila Butantã;Feminino;Engenheiros mecatrônicos;Clt;Ônibus;3;"28;57;62";;Não;3;1;Sim;Facebook, Instagram, Youtube;;Youtube;2;;1;1;Não;Musicais;;Sertanejo;Não;Facebook, Instagram, Youtube;;;Assistiria de casa através das lives;;Mesmo que o mundo fique como era antes, coisa que eu acredito que nunca será =/ .  E as lives continuem..;Sim;1;20;06/15/2020 21:01
42;28;SP;;;;;;;;;;;;;;;;;;;;;;;;;;São Paulo;;Moema;Feminino;Profissionais de marketing, publicidade e comercialização;Clt;Carro;1;29;;Sim;12;8;Sim;Amazon Prime, Instagram, LinkedIn, NetFlix, Youtube;;Instagram;4;;1;1;Não;Famosos;;Sertanejo;Sim;Amazon Prime, NetFlix;;;Assistiria de casa através das lives;;Mesmo que o mundo fique como era antes, coisa que eu acredito que nunca será =/ .  E as lives continuem..;Sim;20;50;06/15/2020 20:53
43;36;SP;;;;;;;;;;;;;;;;;;;;;;;;;;São Paulo;;Saúde;Masculino;Outros engenheiros, arquitetos e afins;PJ;Carro;0;00;;Não;10;4;Não;;;Instagram;4;;1;1;Sim;Famosos;;Eletrônico;Não;;;;Compraria o ingresso;;Mesmo que o mundo fique como era antes, coisa que eu acredito que nunca será =/ .  E as lives continuem..;Não;10;30;06/15/2020 20:39
44;27;SP;;;;;;;;;;;;;;;;;;;;;;;;;;São Paulo;;Parque Residencial Cocaia;Masculino;Analistas de sistemas;Clt;Ônibus;0;"12;30";;Sim;12;8;Sim;Amazon Prime, Instagram, LinkedIn, Twitter;;Amazon Prime;1;;2;1;Não;Musicais;;Trance Music;Sim;;;;Assistiria de casa através das lives;;Mesmo que o mundo fique como era antes, coisa que eu acredito que nunca será =/ .  E as lives continuem..;Não;0;30;06/15/2020 20:38
45;35;SP;;;;;;;;;;;;;;;;;;;;;;;;;;São Paulo;;Brooklin;Feminino;Gerentes de áreas de apoio;Clt;Ônibus;1;37;;Não;12;6;Sim;Instagram, Youtube;;Instagram;0;;5;2;Não;Musicais, Humor;;Todos;Sim;;;;Compraria o ingresso;;Mesmo que o mundo fique como era antes, coisa que eu acredito que nunca será =/ .  E as lives continuem..;Não;0;0;06/15/2020 20:38
46;27;SP;;;;;;;;;;;;;;;;;;;;;;;;;;São Paulo;;Vila Regente Feijó;Feminino;Profissionais de marketing, publicidade e comercialização;Clt;Metro;2;"46;47";;Não;5;10;Não;;;Youtube;0;;1;1;Não;Humor;;Rock, Country, Pop;Sim;;;;Compraria o ingresso;;Mesmo que o mundo fique como era antes, coisa que eu acredito que nunca será =/ .  E as lives continuem..;Não;30;20;06/15/2020 20:36
47;24;SP;;;;;;;;;;;;;;;;;;;;;;;;;;São Paulo;;São Paulo;Masculino;Técnicos de apoio a biotecnologia;Clt;Metro;0;24;;Não;8;5;Não;;;Youtube;2;;2;2;Não;Famosos, Humor;;N/A;Não;;;;Compraria o ingresso;;Mesmo que o mundo fique como era antes, coisa que eu acredito que nunca será =/ .  E as lives continuem..;Não;40;40;06/15/2020 20:34
48;39;SP;;;;;;;;;;;;;;;;;;;;;;;;;;São Paulo;;Ipiranga;Masculino;Contadores e auditores;Clt;Carro;2;"42; 15";;Sim;2;4;Sim;Facebook, LinkedIn, NetFlix, Youtube;;Facebook;2;;1;1;Não;Famosos;;xxxxxx;Sim;Facebook, LinkedIn, NetFlix;;;Compraria o ingresso;;Mesmo que o mundo fique como era antes, coisa que eu acredito que nunca será =/ .  E as lives continuem..;Sim;1;15;06/15/2020 20:26
49;30;SP;;;;;;;;;;;;;;;;;;;;;;;;;;Santo André;;Jardim;Feminino;Nutricionistas;Clt;Carro;1;36;;Não;12;16;Sim;Facebook, Instagram, LinkedIn, NetFlix, Youtube, Outros;;Youtube;2;;4;3;Não;Musicais;;MPB, Rock;Sim;NetFlix;;;Compraria o ingresso;;Mesmo que o mundo fique como era antes, coisa que eu acredito que nunca será =/ .  E as lives continuem..;Sim;50;10;06/15/2020 20:09
50;35;SP;;;;;;;;;;;;;;;;;;;;;;;;;;Santo André;;Vila Assuncao;Masculino;Professores e instrutores (com formação superior) do ensino profissional;Autônomo;Carro;3;"34;6;3";;Não;5;5;Sim;Instagram, Youtube;;Youtube;1;;1;2;Não;Musicais, Humor;;Variado;Sim;;;;Compraria o ingresso;;Mesmo que o mundo fique como era antes, coisa que eu acredito que nunca será =/ .  E as lives continuem..;Não;;;06/15/2020 20:02
51;25;SP;;;;;;;;;;;;;;;;;;;;;;;;;;São Paulo;;Chácara Sto Antonio;Feminino;Profissionais da administração econômico-financeira;Clt;A pé;0;25;;Não;8;3;Não;;;Youtube;1;;3;2;Não;Musicais, Humor;;"Rock; pagode; sertanejo.";Sim;;;;Assistiria de casa através das lives;;Mesmo que o mundo fique como era antes, coisa que eu acredito que nunca será =/ .  E as lives continuem..;Não;;;06/15/2020 19:57
52;30;SP;;;;;;;;;;;;;;;;;;;;;;;;;;São Paulo;;Jardim Santo eduardo;Feminino;Gerentes de áreas de apoio;Clt;Carro;2;36;;Não;20;3;Sim;Facebook, Instagram, NetFlix, Youtube;;Youtube;1;;1;1;Sim;Musicais, Humor;;Sertanejo;Sim;;;;Compraria o ingresso;;Mesmo que o mundo fique como era antes, coisa que eu acredito que nunca será =/ .  E as lives continuem..;Não;;;06/15/2020 19:45
53;42;SP;;;;;;;;;;;;;;;;;;;;;;;;;;São Paulo;;Bom retiro;Masculino;Cabos e soldados da polícia militar;Concursado;Carro;4;"40;17;16;09";;Sim;5;8;Sim;NetFlix, Youtube, Outros;;Youtube;1;;2;2;Não;Musicais;;Sertanejo;Sim;;;;Compraria o ingresso;;Mesmo que o mundo fique como era antes, coisa que eu acredito que nunca será =/ .  E as lives continuem..;Não;;;06/15/2020 19:39
54;28;SP;;;;;;;;;;;;;;;;;;;;;;;;;;São Paulo;;Vila Zatt;Feminino;Professores de educação física, ginástica e desportos;Clt;Ônibus;2;"29;7";;Não;7;6;Não;;;Youtube;1;;1;1;Não;Musicais;;Reggae;Sim;;;;Compraria o ingresso;;Mesmo que o mundo fique como era antes, coisa que eu acredito que nunca será =/ .  E as lives continuem..;Não;;;06/15/2020 19:37
55;44;SP;;;;;;;;;;;;;;;;;;;;;;;;;;Osasco;;Jardim Santo Antônio;Feminino;Assistentes sociais e economistas domésticos;Autônomo;Carro;3;"76;72;2";;Sim;6;4;Sim;Instagram, LinkedIn, Youtube;;Youtube;2;;3;2;Sim;Famosos;;Somente bate papo;Sim;;;;Compraria o ingresso;;Mesmo que o mundo fique como era antes, coisa que eu acredito que nunca será =/ .  E as lives continuem..;Não;;;06/15/2020 19:36
56;30;SP;;;;;;;;;;;;;;;;;;;;;;;;;;São Paulo;;Jardim ester;Feminino;Advogados;Autônomo;Carro;2;"30;1";;Não;3;4;Não;;;Youtube;0;;1;1;Não;Humor;;Rock;Sim;;;;Compraria o ingresso;;Mesmo que o mundo fique como era antes, coisa que eu acredito que nunca será =/ .  E as lives continuem..;Não;;;06/15/2020 19:35
57;47;SP;;;;;;;;;;;;;;;;;;;;;;;;;;São Paulo;;Vila Andrade;Feminino;Corretores de imóveis;Autônomo;Carro;2;"20;65";;Sim;6;6;Sim;Amazon Prime, Facebook, Instagram, LinkedIn, NetFlix, Youtube;;Youtube;3;;2;1;Sim;Famosos;;Pop;Sim;Amazon Prime, Outros;;;Assistiria de casa através das lives;;Mesmo que o mundo fique como era antes, coisa que eu acredito que nunca será =/ .  E as lives continuem..;Sim;50;50;06/15/2020 19:34
58;29;PR;;;;;;;;;;;;;;;;;;Londrina;;;;;;;;;;Jd. Guararapes;Masculino;Analistas de sistemas;Clt;Carro;1;"29;31";;Não;8;8;Sim;Instagram, Youtube;;Youtube;1;;1;1;Não;Famosos, Musicais;;Pagode;Sim;;;;Compraria o ingresso;;Mesmo que o mundo fique como era antes, coisa que eu acredito que nunca será =/ .  E as lives continuem..;Não;;;06/15/2020 19:25
59;31;SP;;;;;;;;;;;;;;;;;;;;;;;;;;São Paulo;;Campo Belo;Feminino;Nutricionistas;Clt;Carro;1;31;;Não;8;4;Não;;;NetFlix;1;;1;1;Sim;Humor;;Rock;Sim;;;;Assistiria de casa através das lives;;Mesmo que o mundo fique como era antes, coisa que eu acredito que nunca será =/ .  E as lives continuem..;Não;;;06/15/2020 19:21
60;25;SP;;;;;;;;;;;;;;;;;;;;;;;;;;Jundiaí;;Vila thomazina;Masculino;Engenheiros mecatrônicos;Clt;Trem;3;"14;52:60";;Não;14;6;Não;;;Youtube;0;;1;3;Não;Humor;;Todos;Sim;;;;Compraria o ingresso;;Mesmo que o mundo fique como era antes, coisa que eu acredito que nunca será =/ .  E as lives continuem..;Não;;;06/15/2020 19:12
61;30;SP;;;;;;;;;;;;;;;;;;;;;;;;;;São Paulo;;Itaim Bibi;Masculino;Outros engenheiros, arquitetos e afins;Clt;Carro;2;65, 63;;Sim;15;8;Sim;Facebook, Instagram, LinkedIn, Youtube;;Instagram;5;;3;2;Não;Humor;;Eletrônico;Não;;;;Assistiria de casa através das lives;;Mesmo que o mundo fique como era antes, coisa que eu acredito que nunca será =/ .  E as lives continuem..;Não;;;06/15/2020 19:02
62;38;SP;;;;;;;;;;;;;;;;;;;;;;;;;;Guarulhos;;Jardim Tabatinga;Masculino;Advogados;Autônomo;Carro;2;"21;65";;Não;12;10;Não;;;Instagram;2;;1;1;Não;Humor;;Rock and roll;Sim;;;;Assistiria de casa através das lives;;Mesmo que o mundo fique como era antes, coisa que eu acredito que nunca será =/ .  E as lives continuem..;Não;;;06/15/2020 19:02
63;21;PR;;;;;;;;;;;;;;;;;;Douradina;;;;;;;;;;-;Masculino;Engenheiros em computação - desenvolvedores de software;Clt;Bicicleta;1;21;;Não;24;24;Sim;Amazon Prime, Facebook, Instagram, LinkedIn, NetFlix, Twitter, Youtube, Outros;;Youtube;5;;1;1;Sim;Humor;;Assisto mais lives sobre tecnologia do que de musica,;Sim;;;;Assistiria de casa através das lives;;Mesmo que o mundo fique como era antes, coisa que eu acredito que nunca será =/ .  E as lives continuem..;Não;;;06/15/2020 18:59
64;41;SP;;;;;;;;;;;;;;;;;;;;;;;;;;São Paulo;;Tatuapé;Masculino;Analistas de sistemas;Autônomo;Carro;4;40;;Não;10;4;Não;;;Outros;0;;1;1;Não;Humor;;Metal;Sim;;;;Compraria o ingresso;;Mesmo que o mundo fique como era antes, coisa que eu acredito que nunca será =/ .  E as lives continuem..;Não;;;06/15/2020 18:54
65;41;SP;;;;;;;;;;;;;;;;;;;;;;;;;;São Paulo;;Vila industrial;Masculino;Supervisores de outros trabalhadores da reparação, conservação e manutenção;Clt;Ônibus;5;"33;16;10;6:2";;Não;16;16;Não;;;Youtube;1;;1;1;Não;Musicais, Humor;;Rock;Sim;;;;Compraria o ingresso;;Mesmo que o mundo fique como era antes, coisa que eu acredito que nunca será =/ .  E as lives continuem..;Não;;;06/15/2020 18:51
66;32;SP;;;;;;;;;;;;;;;;;;;;;;;;;;São Paulo;;Vila Santa Catarina;Feminino;Corretores de seguros;Clt;Metro;5;"80;55;53;32;23;18";;Não;5;7;Sim;Amazon Prime, Facebook, Instagram, LinkedIn, NetFlix, Youtube;;Youtube;1;;2;4;Não;Musicais;;Sertanejo e pagode;Não;;;;Assistiria de casa através das lives;;Mesmo que o mundo fique como era antes, coisa que eu acredito que nunca será =/ .  E as lives continuem..;Não;;;06/15/2020 18:49
67;25;SP;;;;;;;;;;;;;;;;;;;;;;;;;;São Paulo;;São João Clímaco;Feminino;Analistas de sistemas;Clt;Metro;3;"22;47;52";;Não;6;10;Não;;;Youtube;0;;1;2;Não;Musicais;;Bem diversificado;Sim;;;;Compraria o ingresso;;Mesmo que o mundo fique como era antes, coisa que eu acredito que nunca será =/ .  E as lives continuem..;Não;;;06/15/2020 18:47
68;35;PR;;;;;;;;;;;;;;;;;;Curitiba;;;;;;;;;;Bairro Alto;Masculino;Engenheiros eletroeletrônicos e afins;Clt;Carro;2;"38;16";;Sim;12;3;Sim;Amazon Prime, Facebook, LinkedIn, Twitter, Vimeo, Youtube;;Youtube;1;;2;1;Sim;Humor;;Rock;Sim;;;;Compraria o ingresso;;Mesmo que o mundo fique como era antes, coisa que eu acredito que nunca será =/ .  E as lives continuem..;Não;;;06/15/2020 18:41
69;41;SP;;;;;;;;;;;;;;;;;;;;;;;;;;São Paulo;;Vila Medeiros;Masculino;Analistas de sistemas;Clt;Carro;6;"9;27;29;33;41;50";;Não;18;18;Sim;Amazon Prime, LinkedIn, NetFlix, Youtube;;Outros;0;;1;1;Sim;Humor;;Rock;Sim;;;;Compraria o ingresso;;Mesmo que o mundo fique como era antes, coisa que eu acredito que nunca será =/ .  E as lives continuem..;Não;;;06/15/2020 18:38
70;30;SP;;;;;;;;;;;;;;;;;;;;;;;;;;São Paulo;;Chácara Santana;Feminino;Professores (com formação superior) da educação infantil;Clt;Ônibus;2;"63;65";;Não;8;12;Sim;Instagram, Youtube;;Youtube;1;;3;2;Não;Famosos, Musicais, Humor;;Samba, sertanejo, mpb.;Sim;;;;Assistiria de casa através das lives;;Mesmo que o mundo fique como era antes, coisa que eu acredito que nunca será =/ .  E as lives continuem..;Não;;;06/15/2020 18:37
71;35;SC;;;;;;;;;;;;;;;;;;;;;;;;Criciúma;;;;Demboski;Masculino;Analistas de sistemas;PJ;Carro;1;35;;Não;15;10;Sim;Facebook, Instagram, LinkedIn, Twitter, Youtube;;Youtube;3;;1;1;Sim;Musicais, Humor;;Pop;Sim;;;;Assistiria de casa através das lives;;Mesmo que o mundo fique como era antes, coisa que eu acredito que nunca será =/ .  E as lives continuem..;Não;;;06/15/2020 18:31
72;31;RJ;;;;;;;;;;;;;;;;;;;Rio de Janeiro;;;;;;;;;Barra da Tijuca;Feminino;Técnicos do vestuário;Autônomo;Metro;2;"6;76";;Não;21;3;Não;;;NetFlix;3;;20;2;Não;Musicais;;Todos;Não;;;;Compraria o ingresso;;Mesmo que o mundo fique como era antes, coisa que eu acredito que nunca será =/ .  E as lives continuem..;Não;;;06/15/2020 18:30
73;31;SP;;;;;;;;;;;;;;;;;;;;;;;;;;São Paulo;;Moema;Masculino;Analistas de sistemas;Clt;Carro;2;29;;Não;9;9;Sim;Youtube;;Youtube;1;;4;4;Não;Musicais;;Sertanejo;Sim;;;;Assistiria de casa através das lives;;Mesmo que o mundo fique como era antes, coisa que eu acredito que nunca será =/ .  E as lives continuem..;Não;;;06/15/2020 18:20
74;23;SP;;;;;;;;;;;;;;;;;;;;;;;;;;Santos;;Gonzaga;Masculino;Analistas de sistemas;Clt;Ônibus;2;"54;55";;Sim;12;16;Sim;Amazon Prime, Instagram, NetFlix, Youtube;;NetFlix;15;;1;1;Não;Famosos;;Trap;Sim;;;;Assistiria de casa através das lives;;Mesmo que o mundo fique como era antes, coisa que eu acredito que nunca será =/ .  E as lives continuem..;Não;;;06/15/2020 18:16
75;29;SP;;;;;;;;;;;;;;;;;;;;;;;;;;São Paulo;;Santo Amaro;Masculino;Analistas de sistemas;PJ;Bicicleta;1;60;;Não;15;8;Sim;Instagram, LinkedIn, Youtube, Outros;;Youtube;4;;2;1;Não;Famosos;;Rap;Sim;;;;Compraria o ingresso;;Mesmo que o mundo fique como era antes, coisa que eu acredito que nunca será =/ .  E as lives continuem..;Não;;;06/15/2020 18:16
76;48;SP;;;;;;;;;;;;;;;;;;;;;;;;;;São Paulo;;Campo Grande;Masculino;Mecânicos de manutenção de aparelhos térmicos, de climatização e de refrigeração(exceto técnicos);PJ;Carro;3;"47;18;10";;Não;3;5;Sim;Facebook, NetFlix, Youtube;;Youtube;1;;2;1;Sim;Musicais;;Flash House/ R&B;Sim;NetFlix;;;Assistiria de casa através das lives;;Mesmo que o mundo fique como era antes, coisa que eu acredito que nunca será =/ .  E as lives continuem..;Sim;15;40;06/15/2020 18:14
77;33;SP;;;;;;;;;;;;;;;;;;;;;;;;;;São Paulo;;Vila Nova Conceição;Masculino;Engenheiros mecânicos;PJ;Carro;2;"33; 52";;Não;6;6;Sim;Youtube;;Youtube;2;;3;4;Não;Humor;;Variado;Sim;;;;Compraria o ingresso;;Mesmo que o mundo fique como era antes, coisa que eu acredito que nunca será =/ .  E as lives continuem..;Não;0;0;06/15/2020 18:14
78;29;SP;;;;;;;;;;;;;;;;;;;;;;;;;;Jandira;;Jd Europa;Masculino;Analistas de sistemas;PJ;Trem;2;"32;60";;Não;15;3;Não;;;Youtube;0;;1;4;Não;Musicais;;Eclético;Sim;;;;Assistiria de casa através das lives;;Mesmo que o mundo fique como era antes, coisa que eu acredito que nunca será =/ .  E as lives continuem..;Não;20;5;06/15/2020 18:12
79;32;SP;;;;;;;;;;;;;;;;;;;;;;;;;;Itapevi;;Monte Serrat;Masculino;Engenheiros em computação - desenvolvedores de software;Outros;Carro;6;"13;14;24;32;56;56";;Não;6;5;Sim;Instagram, LinkedIn, Twitter, Youtube;;Youtube;2;;2;15;Não;Musicais;;Todos;Sim;;;;Assistiria de casa através das lives;;Mesmo que o mundo fique como era antes, coisa que eu acredito que nunca será =/ .  E as lives continuem..;Não;0;0;06/15/2020 18:09
80;32;SP;;;;;;;;;;;;;;;;;;;;;;;;;;São Paulo;;Pirituba;Feminino;Analistas de sistemas;PJ;Trem;3;25,55,74;;Não;15;5;Sim;Amazon Prime, Facebook, Instagram, LinkedIn, NetFlix, Skoob, Youtube;;Youtube;1;;1;2;Não;Musicais;;pop rock;Sim;Amazon Prime, Facebook, Instagram, NetFlix, Skoob, Youtube;;;Assistiria de casa através das lives;;Mesmo que o mundo fique como era antes, coisa que eu acredito que nunca será =/ .  E as lives continuem..;Sim;20;10;06/15/2020 18:08
81;31;SP;;;;;;;;;;;;;;;;;;;;;;;;;;Carapicuíba;;Vila Cretti;Masculino;Analistas de sistemas;Clt;Carro;2;"5;27";;Não;10;30;Sim;Youtube;;Youtube;4;;3;2;Sim;Famosos;;Sertanejo, Pop, Rpck;Sim;;;;Compraria o ingresso;;Mesmo que o mundo fique como era antes, coisa que eu acredito que nunca será =/ .  E as lives continuem..;Não;0;0;06/15/2020 18:07
82;24;SP;;;;;;;;;;;;;;;;;;;;;;;;;;São Paulo;;Jardim Vila Carrão;Masculino;Analistas de sistemas;Clt;Ônibus;3;"54;51;14";;Não;5;7;Sim;Youtube, Outros;;Youtube;1;;1;1;Não;Musicais;;Rock n' Roll;Sim;Amazon Prime, NetFlix;;;Compraria o ingresso;;Mesmo que o mundo fique como era antes, coisa que eu acredito que nunca será =/ .  E as lives continuem..;Sim;5;10;06/15/2020 18:04
83;31;SP;;;;;;;;;;;;;;;;;;;;;;;;;;São Paulo;;vila diva;Masculino;Gerentes de áreas de apoio;Clt;Carro;3;46;;Não;16;12;Não;;;NetFlix;1;;1;2;Não;Musicais, Humor;;mpb;Sim;;;;Compraria o ingresso;;Mesmo que o mundo fique como era antes, coisa que eu acredito que nunca será =/ .  E as lives continuem..;Não;0;0;06/15/2020 17:59
84;27;SP;;;;;;;;;;;;;;;;;;;;;;;;;;São Paulo;;Vila Maria;Masculino;Administradores;Clt;Ônibus;3;"15;19;44";;Não;11;70;Sim;Amazon Prime, Facebook, Instagram, LinkedIn, NetFlix;;Facebook;1;;1;1;Sim;Musicais;;RAP;Sim;;;;Compraria o ingresso;;Mesmo que o mundo fique como era antes, coisa que eu acredito que nunca será =/ .  E as lives continuem..;Não;50;10;06/15/2020 17:59
85;24;SP;;;;;;;;;;;;;;;;;;;;;;;;;;São Paulo;;ipiranga;Feminino;Profissionais da informação;PJ;Metro;3;"56;8;86";;Não;9;16;Não;;;Youtube;0;;1;0;Não;Famosos;;Indie;Sim;;;;Assistiria de casa através das lives;;Mesmo que o mundo fique como era antes, coisa que eu acredito que nunca será =/ .  E as lives continuem..;Não;0;0;06/15/2020 17:58
